home,away
Contrarian FC,New Levels FC
Legacy Football,Stevos Steiners
Wolves of Warren St,Chook Chook Albion
Penalty Clause,Prosecco Bois
Penalty Clause,Contrarian FC
Chook Chook Albion,Legacy Football
Stevos Steiners,Prosecco Bois
Fishermans Friends,Wolves of Warren St
New Levels FC,Stevos Steiners
Contrarian FC,Prosecco Bois
Fishermans Friends,Chook Chook Albion
Penalty Clause,Wolves of Warren St
Fishermans Friends,Prosecco Bois
Chook Chook Albion,Stevos Steiners
Contrarian FC,Wolves of Warren St
New Levels FC,Legacy Football
